occupancy_code,description
010,"CONDO MULTI-USE"
012,"VACANT LAND"
013,"RES/COMMERCIAL USE"
019,"RES/EXEMPT USE"
025,"RES/COMM MIXED USE"
026,"RES/COMM MIXED USE"
027,"RES/COMM MIXED USE"
031,"COM MULTI-USE"
101,"SINGLE FAM DWELLING"
102,"RESIDENTIAL CONDO"
103,"MOBILE HOME"
104,"TWO-FAM DWELLING"
105,"THREE-FAM DWELLING"
106,"ADD'L RES IMPROVEMENT"
107,"OTHER RESIDENTIAL"
108,"CONDO PARKING"
109,"MULTIPLE BUILDINGS"
110,"CONDO STORAGE"
111,"APT 4-6 UNITS"
112,"APT 7-30 UNITS"
113,"APT 31-99 UNITS"
115,"CO-OP APARTMENT"
116,"RES PARKING GARAGE"
117,"DAY CARE USE"
118,"ELDERLY HOME"
119,"RES PARKING LOT"
120,"APARTMENT"
121,"ROOMING HOUSE"
122,"ROOMING HOUSE"
123,"RESIDENCE HALL"
124,"DORMITORY"
125,"APT SUBSIDIZED HOUSING"
126,"APT SUBSIDIZED HOUSING"
127,"APT SUBSIDIZED HOUSING"
128,"CONDO APARTMENT"
130,"VACANT LAND"
131,"VACANT LAND"
132,"VACANT LAND"
202,"VACANT LAND"
211,"VACANT LAND"
300,"HOTEL/LODGING"
301,"MOTEL"
303,"PRIV CITY CLUB"
304,"NURSING HOME"
305,"HOSPITAL"
306,"LABORATORY"
307,"VETERINARY HOSPITAL"
309,"MEDICAL CLINIC"
310,"LAUNDRY FACILITY"
311,"LAUNDROMAT"
312,"SELF STORAGE WAREHOUSE"
313,"LUMBER YARD STORAGE"
314,"TRUCK TERMINAL"
315,"ANCILLARY STORAGE"
316,"WAREHOUSE"
317,"WAREHOUSE"
318,"COLD STORAGE WAREHOUSE"
319,"RETAIL/OFFICE"
320,"RETAIL/WHLSALE/SERVICE"
321,"RETAIL STORE"
322,"RETAIL STORE"
323,"SHOPPING CENTER"
324,"SUPERMARKET"
325,"RETAIL STORE"
326,"RESTAURANT/SERVICE"
327,"RESTAURANT/LOUNGE"
328,"FAST FOOD RESTAURANT"
329,"BAR/TAVERN/PUB"
330,"SHOWROOM"
332,"REPAIR GARAGE"
333,"GAS STATION"
335,"CAR WASH"
336,"PARKING GARAGE"
337,"PARKING LOT"
338,"SUBTERRANEAN GARAGE"
339,"PARKING GARAGE"
340,"OFFICE"
341,"BANK BUILDING"
342,"MEDICAL OFFICE"
343,"OFFICE 1-2 STORY"
344,"OFFICE 3-9 STORY"
345,"OFFICE BUILDING"
346,"OFFICE BUILDING"
347,"OFFICE BUILDING"
348,"OFFICE BUILDING"
350,"POSTAL SERVICE"
351,"TRAINING FACILITY"
352,"DAYCARE USE"
353,"SOCIAL CLUB"
354,"MAUSOLEUM"
355,"FUNERAL HOME"
356,"COMM CONDO"
357,"RETAIL CONDO"
358,"OFFICE"
359,"CONDO PARKING"
361,"NIGHT CLUB"
362,"MOVIE THEATER"
363,"DRIVE-IN THEATER"
364,"STAGE THEATER"
365,"AUDITORIUM / SPORT CTR"
366,"FIELDHOUSE / TRACK"
367,"RACE TRACK"
369,"RETAIL USE"
370,"BOWLING ALLEY"
371,"ARENA ICE SKATING"
372,"ARENA ROLLER SKATING"
373,"SWIMMING POOL"
374,"HEALTH CLUB"
375,"TENNIS / RACQUET CLUB"
376,"ATHLETIC FACILITY"
377,"RECREATION BUILDING"
380,"GOLF COURSE"
383,"SWIMMING POOL"
384,"BOAT HOUSE / MARINA"
385,"TAXABLE BLDG ONLY"
386,"CAMPGROUND FACILITY"
387,"PAY PARKING LOT"
388,"AIR RIGHTS PROPERTY"
390,"VACANT LAND"
391,"VACANT LAND"
392,"VACANT LAND"
393,"VACANT LAND"
395,"AIR FREIGHT TERMINAL"
397,"PASSENGER TERMINAL"
398,"AIRPORT TERMINAL"
399,"GREENHOUSE"
400,"OLD MANUFACTURING"
401,"WAREHOUSE"
402,"OFFICE / INDUSTRIAL USE"
403,"MANUFACTURING"
404,"LIGHT MFG / R & D"
405,"INDUSTRIAL LOFT"
406,"COMPUTER EQUIP BLDG"
407,"MACHINE SHOP"
408,"NEWSPAPER PLANT"
412,"METAL PROCESSING"
413,"AUTO SALVAGE YARD"
414,"FOOD PROCESS PLANT"
415,"BOTTLING PLANT"
416,"CANNERY"
417,"DAIRY"
422,"ELEC POWER PLANT"
423,"ELEC TRANS R O W"
424,"ELEC SUBSTATION"
425,"GAS MANUFACTR PLANT"
426,"GAS PIPELINE R O W"
427,"GAS STORAGE"
428,"GAS PRESSURE STATION"
430,"TELEPH EXCHG STATION"
431,"TELEPH RELAY TOWER"
432,"CABLE TV FACILITY"
433,"RADIO / TV TRANS FACIL"
435,"RADIO TV STUDIO"
436,"STUDIO/REMOTE"
437,"TELECOM EQUIPMENT"
438,"TELECOM EQUIPMENT"
439,"BANK ATM"
440,"VACANT LAND"
441,"VACANT LAND"
442,"VACANT LAND"
444,"YARD RENTAL"
445,"RAILROAD PROP"
450,"INDUSTRIAL CONDO"
465,"COM BILLBOARD"
900,"U.S. GOVERNMENT"
901,"COMMONWEALTH OF MASS"
902,"CITY OF BOSTON"
903,"BOST REDEVELOP AUTH"
904,"PRIV SCHOOL / COLLEGE"
905,"CHARITABLE ORGANIZATION"
906,"RELIGIOUS ORGANIZATION"
907,"EXEMPT 121A PROPERTY"
908,"BOSTON HOUSING AUTH"
914,"COMMONWEALTH OF MASS"
923,"COMMONWEALTH OF MASS"
924,"COMMONWEALTH OF MASS"
925,"COMMONWEALTH OF MASS"
937,"DORMITORY"
941,"AUDITORIUM / THEATER"
942,"CLASSROOM"
943,"SCIENCE LAB"
944,"DINING FACILITY/CAFETERIA"
945,"ACTIVITY/SOCIAL CENTER"
947,"ATHLETIC/SPORTS CTR"
948,"LAUNDRY FACILITY"
949,"STORAGE AREA"
950,"APARTMENT BLDG"
951,"DORMITORY"
952,"OFFICE/ADMINISTR BLDG"
953,"MEDICAL CLINIC"
954,"MEDICAL OFFICE"
955,"LABORATORY"
956,"MORGUE"
957,"MAINTENANCE/SERVICE AREA"
958,"REHAB/COVALES FACILITY"
959,"ASSISTED LIVING/ELDERLY"
960,"EXEMPT OFFICE CONDO"
961,"PARKING GARAGE"
962,"PARKING LOT"
963,"UTILITY/EQUIPMENT BUILDING"
965,"GOV'T OFFICE BLDG"
966,"MANUFACTURING"
967,"LOFT BUILDING/COMMERCIAL"
968,"WAREHOUSE"
969,"BOAT REPAIR/STORAGE"
972,"CORRECTIONAL BLDG"
973,"ADMINISTRATIVE BLDG"
974,"FIRE STATION"
975,"POLICE STATION"
976,"SCHOOL"
977,"COLLEGE"
978,"LIBRARY"
979,"HOSPITAL"
980,"WATER TREATMT PLANT"
981,"INCINERATION PLANT"
982,"ARMORY"
983,"CEMETERY"
984,"PUBLIC BEACH"
985,"OTHER EXEMPT BLDG"
986,"VACANT LAND"
987,"VACANT LAND"
988,"HOTEL/CONVENTION CENER"
989,"PASSENGER TERMINAL"
990,"RETAIL CONDO"
991,"OFFICE CONDO"
992,"RESIDENTIAL CONDO"
993,"INDUSTRIAL CONDO"
995,"CONDO MAIN"
999,"PARTIAL EXEMPT ENTITY"
